cob_dt,list_result
01-10-2023,"03,06,07,08,15,23,25,29,32,33,38,44,52,56,59,63,70,71,74,87,88,89,94"
02-10-2023,"00,02,09,11,27,32,35,50,54,59,60,62,63,64,69,73,74,79,81,84,91,99"
03-10-2023,"00,05,15,18,19,23,25,28,30,32,39,46,47,53,55,56,57,63,72,73,99"
04-10-2023,"00,07,11,16,27,28,29,31,36,38,39,49,52,64,65,66,73,77,80,82,86,92,93,94"
05-10-2023,"01,02,03,07,10,14,21,25,27,31,33,37,44,47,56,57,63,74,79,87,91,92,93"
06-10-2023,"02,07,08,09,16,17,20,21,24,27,30,32,41,43,50,51,56,60,64,66,68,70,83,93,94,95"
07-10-2023,"06,10,11,12,13,18,20,26,29,30,35,38,44,47,49,52,56,68,70,73,79,82,83,87"
08-10-2023,"00,02,05,14,18,20,22,34,46,51,60,62,64,66,68,69,71,73,79,81,82,88,89,90,93,96"
09-10-2023,"03,04,11,17,19,25,28,29,30,35,40,45,50,51,56,64,65,68,70,72,76,84,90,92"
10-10-2023,"04,13,18,19,21,22,23,25,27,31,40,49,55,61,63,65,67,74,75,76,77,78,79,92,93,96,98"
11-10-2023,"01,06,11,19,20,22,29,37,38,40,44,49,59,60,65,73,77,78,82,88,89,93,96"
12-10-2023,"02,03,12,20,25,32,33,35,39,46,51,53,57,65,66,71,75,76,80,81,82,84,92,96,98"
13-10-2023,"08,09,17,19,20,24,35,42,44,47,55,59,68,72,76,79,83,84,86,93,94,95,97"
14-10-2023,"00,03,21,24,31,34,38,39,40,48,50,53,54,55,58,59,60,61,79,80,81,86,87"
15-10-2023,"13,24,26,29,32,43,45,50,53,54,55,60,71,72,73,75,77,79,82,86,87,90,93,94,97,99"
16-10-2023,"00,06,13,15,16,19,22,29,31,32,39,40,44,47,50,55,59,65,74,76,77,80,85,96"
17-10-2023,"03,06,07,10,17,25,30,37,47,56,64,67,71,76,78,80,83,88,91,93,94,95"
18-10-2023,"00,04,08,09,17,22,27,28,29,35,39,42,44,48,49,52,56,72,73,74,77,78,88,91,98"
19-10-2023,"03,04,05,06,08,11,12,20,24,26,27,36,42,46,48,59,62,67,72,73,81,84,85,86,95,99"
20-10-2023,"02,03,13,15,16,22,30,37,38,40,41,43,51,59,60,68,70,79,80,82,86,88,89"
21-10-2023,"02,03,06,10,15,17,18,24,27,33,40,43,49,54,55,56,65,67,76,82,84,87,88,93,94"
22-10-2023,"10,11,14,17,18,21,24,25,27,30,32,33,36,40,54,69,75,76,79,82,83,88,92,93,96"
23-10-2023,"00,02,04,08,10,11,16,17,19,25,27,35,36,41,44,46,49,60,61,62,81,83,88,90,91"
24-10-2023,"08,09,16,18,22,26,29,32,40,43,45,51,55,57,59,62,65,73,76,83,87,88,98"
25-10-2023,"16,18,19,20,32,36,42,46,47,49,52,53,54,62,71,73,74,79,80,83,85,93"
26-10-2023,"00,06,10,11,19,23,27,33,38,43,49,52,54,68,72,76,79,81,82,84,88,94,95"
27-10-2023,"02,07,08,09,11,13,14,20,23,36,41,48,49,50,55,60,67,72,73,82,90,95,98"
28-10-2023,"08,14,25,28,37,55,56,57,58,59,63,65,69,72,73,74,77,83,89,93,97,98"
29-10-2023,"12,20,21,22,24,26,27,40,43,48,50,53,54,61,67,68,73,74,75,84,93,96,97,98"
30-10-2023,"01,03,09,18,19,22,23,36,43,44,45,49,50,53,56,74,75,81,83,84,86,87,99"
31-10-2023,"06,07,08,09,11,12,13,14,22,25,36,40,41,53,54,63,65,67,70,72,76,82,94,97,98,99"
01-11-2023,"00,05,16,20,24,30,35,36,39,43,48,49,53,55,61,65,77,86,89,91,94,97,98,99"
02-11-2023,"06,11,12,14,21,22,25,26,27,29,35,40,45,46,52,68,69,76,77,78,79,83,84,85,90"
03-11-2023,"08,10,24,25,30,31,32,35,36,39,43,44,50,52,53,55,56,61,62,69,79,87,88,92,93"
04-11-2023,"01,04,06,07,08,20,28,29,35,44,51,55,58,71,72,75,77,78,80,85,86,87,99"
05-11-2023,"02,15,28,29,33,44,45,47,52,57,64,70,72,77,82,83,84,85,90,96,98"
06-11-2023,"01,05,07,12,14,19,22,30,38,41,44,46,48,52,59,66,69,82,84,88,91,94,95,96,99"
07-11-2023,"03,04,05,10,13,18,24,26,27,28,42,43,45,48,49,58,70,71,72,73,77,87,90,93,96"
08-11-2023,"04,10,13,15,20,23,24,26,27,29,33,40,52,56,60,67,69,70,71,79,82,88,89,91,93,95"
09-11-2023,"08,09,15,22,37,40,43,44,45,47,49,50,54,57,61,62,92,96,97"
10-11-2023,"02,08,10,17,21,28,35,40,41,43,44,48,57,62,64,70,73,74,76,78,81,83,87,92,97"
11-11-2023,"13,17,24,31,33,35,37,41,46,47,54,55,57,60,66,70,77,80,82,91,94,96,99"
12-11-2023,"03,04,05,10,11,16,19,27,28,29,30,31,35,36,42,53,58,62,64,69,74,75,79,87,90,97"
13-11-2023,"03,05,06,10,11,12,19,30,31,35,43,44,46,48,49,64,67,68,72,76,78,90,93,94,95,99"
14-11-2023,"00,02,07,10,14,36,39,41,43,48,49,52,53,55,57,66,69,75,87,92,97,98"
15-11-2023,"07,15,18,23,24,30,32,43,47,48,52,54,55,56,59,62,71,72,74,79,83,85,96,98"
16-11-2023,"04,09,10,15,19,20,21,25,29,36,44,56,59,63,64,65,69,73,77,79,80,83,96"
17-11-2023,"01,04,10,17,26,30,35,38,44,45,46,47,48,52,57,62,66,68,79,81,82,91,92,95,96"
18-11-2023,"03,12,13,14,26,34,41,49,52,55,58,59,62,68,70,71,73,82,84,89,90,94,96,97"
19-11-2023,"19,23,24,28,29,31,32,33,36,38,43,54,62,64,66,80,83,89,90,92,94,97,98"
20-11-2023,"01,05,18,21,25,28,32,34,36,49,50,60,67,69,71,72,81,82,86,88,89,91,92,93,99"
21-11-2023,"01,07,13,16,23,26,27,29,32,42,45,46,48,55,63,65,66,70,75,79,85,89,99"
22-11-2023,"00,02,06,08,11,14,18,22,26,28,32,48,50,52,53,56,61,62,64,70,72,73,86,95,98"
23-11-2023,"01,10,12,14,16,21,24,29,31,45,51,56,58,62,63,66,68,73,75,77,97,99"
24-11-2023,"03,09,10,11,20,27,32,36,40,44,52,53,58,60,61,62,63,64,72,74,76,80,81,86,90,91"
25-11-2023,"04,06,07,08,10,12,14,15,16,18,24,26,31,33,44,50,53,60,63,65,68,69,73,79,91,97"
26-11-2023,"02,06,07,12,17,20,23,43,45,52,53,57,60,67,68,73,82,84,86,88,96,99"
27-11-2023,"00,03,10,17,18,27,36,37,46,47,54,57,59,70,72,77,78,79,81,86,91,92"
28-11-2023,"01,02,03,06,07,09,10,12,13,15,18,28,30,32,36,39,48,54,70,71,82,83,99"
29-11-2023,"05,08,10,17,18,33,38,39,41,42,45,50,53,59,65,70,73,78,80,83,87,88,89,90"
30-11-2023,"02,05,07,13,16,19,26,29,32,36,43,44,47,55,58,73,79,81,84,86,87,91,98,99"
01-12-2023,"00,01,10,17,18,20,25,28,30,32,41,42,43,49,62,64,74,79,82,84,87,94"
02-12-2023,"04,07,12,17,19,22,23,25,26,27,30,33,35,36,37,52,54,55,61,65,72,77,78,85"
03-12-2023,"07,13,16,17,19,20,21,28,30,34,37,39,47,55,61,63,64,74,80,88,91,96"
04-12-2023,"05,08,12,16,18,19,20,21,22,23,25,31,33,36,37,46,47,48,54,55,59,75,92,94"
05-12-2023,"00,06,07,21,31,36,38,40,41,44,51,57,59,61,62,66,73,75,76,78,81,84,99"
06-12-2023,"00,08,11,12,13,17,19,27,34,37,44,45,58,60,61,62,78,80,88,89,92"
07-12-2023,"13,14,17,24,25,27,29,37,40,41,44,46,47,48,51,58,60,61,68,69,73,78,91,96,99"
08-12-2023,"05,06,07,15,23,27,39,62,63,71,73,75,81,84,85,86,93,94,97,99"
09-12-2023,"00,01,04,12,13,21,22,24,25,33,34,41,47,51,52,53,57,79,85,87,89,92,94,96,98,99"
10-12-2023,"04,08,12,13,18,37,45,52,55,58,60,63,69,70,72,73,77,86,88,91,92,95"
11-12-2023,"01,07,12,13,15,18,28,29,32,33,34,37,38,42,46,48,56,61,66,75,79,81,82,85"
12-12-2023,"07,11,15,17,18,21,24,28,29,41,45,46,48,51,54,58,63,67,70,74,93,97,98"
13-12-2023,"00,03,06,07,10,14,15,36,41,42,44,46,52,53,55,56,59,75,76,83,85,92"
14-12-2023,"03,06,15,17,20,36,44,45,47,49,51,61,64,65,74,75,76,77,82,84,85,86,95"
15-12-2023,"04,06,09,12,13,16,20,32,33,35,39,47,56,60,63,64,72,73,76,94"
16-12-2023,"05,06,09,14,16,25,33,34,42,56,62,67,69,71,78,79,81,86,88,89,90,94,96"
17-12-2023,"04,20,24,30,32,43,47,49,55,57,58,59,61,62,63,65,66,68,70,88,90,92,98,99"
18-12-2023,"04,07,10,14,19,29,32,37,43,48,51,55,58,59,60,65,66,67,77,84,88,89,90,94"
19-12-2023,"01,02,04,05,06,08,14,18,19,32,39,40,47,57,61,62,66,70,77,79,82,88,90,93"
20-12-2023,"10,13,19,21,23,30,35,36,41,47,50,55,63,76,77,78,79,82,87,89,90,93,95,99"
21-12-2023,"00,03,09,17,21,23,26,41,46,49,61,66,75,79,80,81,83,85,86,87,90,93,97"
22-12-2023,"11,12,14,16,18,20,23,28,32,35,39,51,52,59,60,62,64,68,76,78,79,82,90,91,92,99"
23-12-2023,"06,08,10,16,20,27,32,33,34,36,41,44,47,49,62,63,64,72,75,80,87,89,95"
24-12-2023,"04,12,16,19,20,28,36,38,43,44,46,47,48,54,57,62,65,78,81,82,83,92,94,95,98"
25-12-2023,"05,11,19,20,25,34,40,47,51,53,54,59,61,62,63,67,81,84,87,88"
26-12-2023,"03,16,17,20,24,25,26,29,30,31,36,41,42,44,49,52,56,72,73,75,81,85,96,98"
27-12-2023,"10,17,18,19,21,24,27,28,32,36,40,42,44,45,48,63,66,69,90,91,98"
28-12-2023,"01,11,12,14,20,23,25,31,35,38,39,51,52,54,63,66,68,71,72,79,82,83,93"
29-12-2023,"01,07,08,16,20,21,24,38,40,43,45,47,50,56,59,60,74,84,85,86,87,93,94,95"
30-12-2023,"03,08,10,19,23,26,37,38,41,43,44,45,53,63,64,65,68,69,70,76,80,82,83,89,98"
31-12-2023,"00,02,05,09,17,31,36,38,42,43,48,52,58,65,67,68,77,82,86,89,92,95"
01-01-2024,"06,22,31,32,34,41,45,46,51,53,55,65,66,67,70,72,73,79,80,84,86,88,97,98"
02-01-2024,"00,01,04,05,08,10,20,21,22,23,30,35,39,44,48,50,56,59,69,73,75,83,87,98"
03-01-2024,"10,14,18,19,20,25,31,32,34,35,36,42,44,45,48,61,62,66,69,72,75,83,85,95,98"
04-01-2024,"02,12,13,18,20,27,28,30,34,36,40,47,49,61,62,63,64,65,67,71,72,73,74,78,94,96"
05-01-2024,"01,04,11,15,17,26,32,37,41,45,47,50,52,53,58,59,61,63,67,69,93,96"
06-01-2024,"03,04,06,12,14,17,24,26,28,31,36,58,65,69,74,75,81,87,94,96,97"
07-01-2024,"01,02,03,05,08,12,13,15,18,19,41,42,61,65,67,68,69,71,75,79,85,89,98,99"
08-01-2024,"02,13,19,21,23,30,31,32,39,40,53,54,56,61,64,68,75,77,78,87,88,89,91,95,98"
09-01-2024,"02,08,21,23,29,43,49,53,54,55,59,60,61,62,68,70,71,75,77,82,83,87,91"
10-01-2024,"01,05,07,09,14,18,27,32,33,37,40,43,53,54,55,59,64,67,79,82,83,84,90,91,95"
11-01-2024,"09,11,13,21,22,23,28,31,43,45,47,49,65,75,78,81,82,84,85,87,90,91,93,97"
12-01-2024,"00,02,06,10,13,15,16,25,33,47,53,55,56,58,59,65,72,75,77,81,83,84,86,93,96"
13-01-2024,"04,13,15,17,29,31,32,43,44,58,63,69,72,75,85,86,87,90,91,95,97,99"
14-01-2024,"03,12,13,14,15,16,18,25,27,34,36,38,41,47,57,59,71,75,76,81,84,85,91,99"
15-01-2024,"15,20,21,26,34,35,37,39,42,44,45,47,55,59,61,64,67,73,74,75,93,94,95,97"
16-01-2024,"01,02,03,07,09,15,23,28,36,37,39,41,42,43,55,58,63,71,79,81,90,92,93"
17-01-2024,"03,09,11,15,16,17,19,26,27,30,33,35,37,43,44,50,51,52,53,67,70,76,80,84,87,91,94"
18-01-2024,"00,10,11,14,17,23,25,33,36,43,47,48,49,59,64,71,76,77,78,84,86,90,98,99"
19-01-2024,"09,11,17,21,24,26,31,32,33,34,35,38,45,46,50,55,61,69,74,75,81,82,86,87,88,93"
20-01-2024,"00,10,11,13,15,16,26,29,30,38,39,44,47,52,53,59,64,65,68,77,90,93"
21-01-2024,"11,13,14,16,17,18,19,20,21,27,28,32,34,35,37,41,42,49,56,59,64,65,76,79,86"
22-01-2024,"10,13,14,17,18,20,23,29,33,34,35,36,44,47,52,56,60,63,65,74,79,81,82,86,88,91"
23-01-2024,"00,06,11,12,16,17,21,22,25,41,45,46,49,52,66,68,74,75,82,91,97,98"
24-01-2024,"02,03,06,07,08,09,11,16,20,22,24,25,29,31,36,38,43,49,56,57,61,69,74,81,89,90,95"
25-01-2024,"01,04,06,12,14,17,24,25,27,35,39,41,42,48,53,56,57,58,61,66,75,79,81,90,93,99"
26-01-2024,"06,07,11,18,20,23,33,38,42,44,47,48,52,56,58,59,60,68,79,88,91,96,97,99"
27-01-2024,"10,15,16,17,20,21,23,24,27,31,37,40,49,68,70,72,75,76,79,80,91,94,95"
28-01-2024,"00,02,03,10,11,16,21,26,28,38,41,43,45,49,51,53,65,74,78,79,84,86,87,89,96"
29-01-2024,"09,11,12,14,32,35,38,41,43,46,50,52,54,56,65,71,74,81,83,85,89,99"
30-01-2024,"03,11,21,24,26,32,36,38,41,46,53,56,57,60,63,65,71,83,88,90,94,95,96"
31-01-2024,"00,25,27,31,36,37,40,44,50,51,53,63,66,67,68,69,76,82,86,96,97,99"
01-02-2024,"01,15,16,18,28,32,42,44,54,59,61,62,70,77,79,80,82,84,86,87,92,99"
02-02-2024,"02,05,08,18,31,35,39,42,51,55,63,67,68,71,74,76,77,80,84,90,93,94,96,97"
03-02-2024,"12,14,16,18,19,21,22,33,35,36,41,42,58,62,65,69,80,84,88,89,92,93,97"
04-02-2024,"00,04,12,14,20,27,33,34,41,42,44,46,51,56,59,61,64,66,68,78,81,87,97,98"
05-02-2024,"02,06,07,16,22,23,26,32,35,38,40,42,49,51,59,60,61,71,75,76,79,80,81,90"
06-02-2024,"05,06,09,10,11,12,15,17,20,36,41,46,52,57,59,61,67,73,81,83,84,86,90,92,95,96"
07-02-2024,"04,05,06,11,18,31,38,43,52,53,62,64,69,73,74,77,78,84,89,90,96,99"
08-02-2024,"03,04,08,15,21,23,27,31,39,42,45,51,52,56,61,70,73,76,88,90,97"
09-02-2024,"03,04,08,15,21,23,27,31,39,42,45,51,52,56,61,70,73,76,88,90,97"
10-02-2024,"03,04,08,15,21,23,27,31,39,42,45,51,52,56,61,70,73,76,88,90,97"
11-02-2024,"03,04,08,15,21,23,27,31,39,42,45,51,52,56,61,70,73,76,88,90,97"
12-02-2024,"03,04,08,15,21,23,27,31,39,42,45,51,52,56,61,70,73,76,88,90,97"
13-02-2024,"00,02,03,05,10,11,14,20,23,31,40,44,47,49,50,63,66,76,77,80,82,87,95,99"
14-02-2024,"01,03,04,15,22,26,37,40,41,51,53,54,62,67,70,74,76,83,87,90,94"
15-02-2024,"08,10,11,13,14,18,20,22,26,31,33,35,39,41,44,51,52,58,61,62,65,69,70,76,79"
16-02-2024,"05,20,29,31,34,35,41,50,54,58,61,64,66,67,76,83,84,93,95,98,99"
17-02-2024,"05,07,12,16,18,21,25,32,33,42,45,49,51,55,57,62,66,67,73,77,89,92,94,95"
18-02-2024,"03,07,09,10,14,18,24,28,29,32,43,45,49,50,51,56,62,64,70,79,88,90,91,93,97,98"
19-02-2024,"01,02,15,19,20,24,31,40,42,44,53,54,57,58,59,60,64,66,70,82,85,95"
20-02-2024,"00,05,06,15,16,18,19,21,22,30,31,32,39,41,50,56,58,60,66,68,73,78,79,80,83,92"
21-02-2024,"08,13,18,19,28,31,34,36,37,40,48,49,51,52,61,64,69,72,83,87,88,91,98"
22-02-2024,"04,11,12,13,20,25,26,34,37,38,47,48,50,60,66,67,70,72,78,81,88,90,93,95,99"
23-02-2024,"00,04,08,20,24,25,30,35,37,39,40,41,45,47,53,68,69,73,75,79,83,88,89,90,93"
24-02-2024,"04,19,22,24,31,33,35,36,37,40,42,43,44,45,47,51,52,56,60,69,70,82,90,96,99"
25-02-2024,"04,06,07,10,16,19,41,45,46,47,51,61,62,67,70,80,87,89,92,98"
26-02-2024,"03,14,19,20,24,30,32,33,34,39,42,46,52,53,56,63,71,75,78,82,85,88,89,92,97"
27-02-2024,"02,05,09,16,20,22,24,50,54,61,62,63,65,67,68,71,76,78,80,81,85,86,94,97"
28-02-2024,"02,05,14,17,21,29,33,37,45,49,52,53,56,61,67,76,77,78,88,89,90,94,95,96"
29-02-2024,"02,08,10,13,19,23,26,27,28,29,30,31,46,48,53,54,60,66,68,83,89,92,94,99"
01-03-2024,"00,05,07,16,21,23,25,26,29,31,40,42,43,46,53,61,63,65,70,71,84,86,88,92,96"
02-03-2024,"06,07,19,24,27,28,31,33,41,53,60,63,66,71,77,82,87,91,93,94,95,98"
03-03-2024,"00,03,05,08,11,14,16,17,32,37,40,44,47,63,64,72,74,77,83,86,88,93,95,99"
04-03-2024,"00,07,08,16,20,21,33,35,36,38,42,43,47,51,62,64,65,66,70,71,72,91,93"
05-03-2024,"00,02,05,12,18,21,22,26,29,45,48,51,69,75,78,83,84,88,89,92,99"
06-03-2024,"09,10,13,16,25,28,30,39,41,42,43,45,46,48,49,50,56,74,77,81,92,96,98"
07-03-2024,"00,05,06,25,33,36,37,38,39,41,42,47,48,49,52,67,75,82,85,86,90,93"
08-03-2024,"07,11,14,22,24,25,26,27,43,44,50,52,56,63,65,69,78,82,87,89,94,97"
09-03-2024,"10,13,19,20,28,29,34,39,41,53,54,66,68,69,77,78,82,84,85,86,97"
10-03-2024,"00,03,05,06,08,15,26,29,30,38,43,47,52,55,57,58,63,64,68,73,79,80,88,90,99"
11-03-2024,"07,10,11,14,19,28,31,33,37,38,39,40,46,65,67,71,72,75,79,85,86,88,89,99"
12-03-2024,"01,02,10,12,19,25,34,44,49,51,56,62,64,68,75,76,78,89,91,92,93,94,95,97"
13-03-2024,"03,15,17,28,31,34,43,49,50,53,54,60,63,65,66,72,74,77,78,79,80,84,91"
14-03-2024,"02,03,07,09,11,14,18,27,28,30,42,45,49,57,59,64,69,72,84,89,94,99"
15-03-2024,"00,02,09,25,26,32,34,35,39,41,49,51,54,57,59,61,66,72,76,79,81,84,85,91,94,99"
16-03-2024,"04,09,13,15,19,20,25,26,27,34,42,46,49,50,58,62,67,70,74,77,79,83,84,92,97"
17-03-2024,"01,02,05,07,09,11,20,23,25,29,30,39,50,52,54,57,59,61,64,79,83,90,94,99"
18-03-2024,"02,06,08,13,23,24,25,27,29,47,49,53,62,63,76,78,79,82,89,90,95,97"
19-03-2024,"00,02,16,22,30,32,33,36,44,48,51,55,56,59,65,72,73,81,83,86,87,95,96,98,99"
20-03-2024,"04,05,14,15,23,25,26,29,37,38,43,44,45,50,54,61,63,65,71,73,75,81,87,95"
21-03-2024,"01,07,13,18,20,25,26,33,38,39,43,49,52,56,63,66,68,79,84,87,89,91,93,98"
22-03-2024,"02,03,21,22,23,27,40,56,59,60,63,69,71,79,82,84,86,91,95,97,98"
23-03-2024,"00,01,08,09,12,14,16,20,21,22,27,30,32,40,42,50,51,55,60,61,73,79,82,85"
24-03-2024,"03,05,09,12,13,15,29,32,33,35,39,41,42,48,50,52,54,61,69,71,74,84,89,90,93,97"
25-03-2024,"02,11,13,14,19,21,22,25,35,37,38,39,40,42,46,49,54,60,61,70,77,92,96,99"
26-03-2024,"04,07,08,15,17,19,20,21,28,32,37,39,40,42,59,71,73,78,80,81,82,86,92,99"
27-03-2024,"02,07,11,14,16,18,25,28,29,38,45,55,56,59,69,74,75,79,84,86,87,97"
28-03-2024,"00,03,07,13,15,26,28,44,50,52,58,60,61,70,79,82,83,85,86,89,90,91,95,96,98"
29-03-2024,"00,05,11,17,18,27,29,31,41,47,49,52,53,54,62,63,67,69,79,86,87,89,90,96"
30-03-2024,"09,11,17,20,23,26,29,31,33,35,40,41,44,52,56,57,60,65,67,72,94,96,99"
31-03-2024,"02,03,09,11,17,26,27,28,32,35,46,47,57,59,69,71,74,79,81,83,87,88,90,91"
01-04-2024,"02,05,06,09,10,12,33,38,42,45,52,54,57,59,63,66,79,80,83,90,93,97,99"
02-04-2024,"02,05,06,09,14,28,29,35,48,49,54,55,57,62,65,66,72,77,80,81,83,86,87,91"
03-04-2024,"06,09,10,11,15,17,22,24,32,38,39,49,64,67,71,73,79,81,93,94,95,96"
04-04-2024,"01,03,11,28,31,40,42,52,57,58,65,76,78,86,88,89,90,91,96,99"
05-04-2024,"05,06,07,10,11,13,15,18,19,23,25,33,34,49,65,66,69,70,72,89,91,92,97,99"
06-04-2024,"01,03,05,08,12,20,21,23,32,42,43,46,48,49,50,59,61,71,83,89,95,98,99"
07-04-2024,"00,13,17,18,24,25,27,32,34,37,39,44,49,50,57,61,65,66,69,72,74,75,85,96,97"
08-04-2024,"04,05,07,13,15,16,20,22,32,47,50,55,59,60,61,63,67,73,79,83,90,94,98"
09-04-2024,"10,13,16,17,24,26,27,30,41,55,57,60,62,66,68,69,74,84,95,98,99"
10-04-2024,"02,08,12,13,21,22,24,36,38,39,44,45,47,52,53,55,57,62,69,70,75,78,79,97"
11-04-2024,"09,10,28,33,35,36,40,42,50,51,52,53,56,61,63,73,78,80,81,86,87,88,93"
12-04-2024,"10,13,16,21,22,27,36,37,47,50,58,59,70,72,73,80,83,85,91,93,94,99"
13-04-2024,"03,10,12,15,20,28,30,35,41,49,52,56,58,61,64,67,75,78,80,83,89,90,92,96"
14-04-2024,"00,01,09,15,16,18,21,22,35,42,48,50,52,57,61,69,70,71,81,89,90,94,96"
15-04-2024,"00,03,04,05,13,22,25,26,29,33,34,37,46,48,49,51,54,61,69,73,79,81,84,93,98"
16-04-2024,"04,10,12,16,17,18,24,33,42,50,51,52,53,61,63,65,66,69,71,72,81,82,86,87,91"
17-04-2024,"00,03,06,17,18,27,28,29,33,34,40,41,47,50,54,60,69,71,74,77,89,90,92"
18-04-2024,"04,05,09,15,16,26,36,37,41,43,44,46,51,52,54,57,61,69,73,77,80,84,91,95,96,98"
19-04-2024,"06,10,14,16,19,22,23,24,26,32,38,43,45,49,56,57,58,59,70,71,74,85,92"
20-04-2024,"05,17,20,22,29,33,48,51,54,57,60,63,79,85,86,89,90,92,95,99"
21-04-2024,"03,09,11,15,22,25,26,30,32,36,39,43,59,62,70,71,75,77,80,84,86,91,92"
22-04-2024,"00,06,08,14,21,22,23,25,31,36,37,43,51,53,56,62,63,69,79,82,84,85,93,95"
23-04-2024,"01,06,07,08,15,16,17,18,22,26,28,33,38,41,52,66,68,71,77,81,90,91,92,94,97"
24-04-2024,"01,10,22,24,26,28,41,44,47,50,52,53,54,57,58,60,61,64,65,67,69,82,93"
25-04-2024,"00,03,08,13,22,23,30,36,50,57,60,62,64,65,71,76,77,78,81,88,90,94,95,98"
26-04-2024,"02,10,12,18,19,20,30,35,37,49,51,57,59,60,64,67,74,77,78,79,82,85,92,93"
27-04-2024,"02,11,16,18,19,21,25,27,30,35,42,43,47,48,49,56,57,60,66,70,71,80,89,91,93,97,99"
28-04-2024,"01,02,25,27,35,40,45,46,49,55,57,60,61,66,71,72,73,74,75,79,86,92,95,96"
29-04-2024,"02,03,04,08,12,18,21,28,30,32,37,40,42,45,48,59,60,61,64,74,75,76,77,82,89,91"
30-04-2024,"00,02,10,11,12,19,23,24,28,35,42,47,52,53,54,59,64,65,66,81,82,83,86,87,92"
01-05-2024,"05,07,18,27,30,31,32,33,35,39,43,46,52,60,61,63,66,76,77,82,89,92,95,97,98"
02-05-2024,"01,18,20,21,23,24,25,29,32,34,36,37,39,40,49,63,65,67,72,74,90,91,94,99"
03-05-2024,"00,11,13,18,21,31,33,43,45,46,57,69,77,78,82,83,85,86,89,95,98,99"
04-05-2024,"03,10,12,17,19,20,25,28,30,32,33,45,50,55,58,61,62,67,69,72,74,75,77,90,92,95"
05-05-2024,"05,15,20,22,27,30,36,45,52,54,63,67,68,73,78,82,83,89,93,95,96"
06-05-2024,"00,01,03,11,22,24,32,34,41,44,45,56,58,61,67,69,71,75,81,82,84,93,96,97,98"
07-05-2024,"01,04,17,18,22,28,30,39,40,41,49,50,53,57,58,60,66,73,76,79,86,93,97,98"
08-05-2024,"07,09,10,19,22,24,25,26,29,35,43,47,52,56,57,58,63,66,73,79,84,94,95,98"
09-05-2024,"01,10,12,14,25,30,34,41,44,45,49,53,55,56,58,59,60,61,62,68,71,73,76,77,87,89,98"
10-05-2024,"14,15,19,25,28,30,36,40,52,55,57,59,61,62,64,67,69,70,71,75,81,88,96,98"
11-05-2024,"00,02,06,21,26,30,32,45,46,50,52,64,69,76,77,79,80,81,82,86,87,95,99"
12-05-2024,"05,06,08,19,20,21,30,33,38,40,47,51,52,57,59,62,63,65,75,76,80,82,88,89,90,91,97"
13-05-2024,"00,02,06,07,13,19,20,26,27,35,37,40,44,49,59,60,62,63,65,67,72,83,90,96"
14-05-2024,"03,10,13,14,16,18,25,26,28,31,34,38,45,48,58,61,63,65,66,80,81,91,96,97,99"
15-05-2024,"09,10,12,16,17,21,25,26,29,30,31,33,36,40,52,53,64,70,72,88,89,90,94,98"
16-05-2024,"00,06,09,24,25,30,34,38,42,44,48,51,52,65,68,72,74,82,90,92,93,95"
17-05-2024,"10,11,23,31,32,38,40,41,45,49,54,62,67,68,70,71,80,90,95,99"
18-05-2024,"04,05,07,09,17,18,19,22,25,34,39,47,53,61,64,65,69,70,76,80,82,87,94"
19-05-2024,"02,05,10,24,25,33,35,39,43,48,62,68,69,77,78,80,85,86,92,95,96,98"
20-05-2024,"08,10,20,22,24,25,45,49,50,52,53,61,66,67,69,72,75,81,86,89,90,91,95,98"
21-05-2024,"00,01,02,06,09,18,28,32,37,39,45,47,50,58,61,62,63,67,73,75,79,85,87,88,89"
22-05-2024,"06,08,12,17,22,26,30,36,40,43,44,45,55,61,62,64,68,74,75,76,78,87,95,97"
23-05-2024,"01,04,05,07,10,32,37,41,46,47,51,55,56,60,62,67,68,72,73,76,82,84,87,89,90,94"
24-05-2024,"02,03,04,09,10,11,12,14,19,21,22,30,46,60,64,65,70,71,77,79,80,81,82,88,98"
25-05-2024,"10,12,15,19,23,29,32,42,43,47,48,50,55,57,63,65,68,75,85,92,93,94,95"
26-05-2024,"08,12,15,33,34,40,52,59,61,67,69,70,72,73,75,78,80,85,88,92,98,99"
27-05-2024,"00,07,08,12,19,20,21,22,32,40,41,46,49,52,56,59,62,63,75,78,85,93,94,98"
28-05-2024,"03,11,12,14,25,29,30,32,35,37,41,43,53,55,57,63,75,79,80,81,90,91,94"
29-05-2024,"00,03,07,09,10,14,20,22,27,30,31,39,42,43,49,50,52,54,65,66,76,81,83,89,96,98"
30-05-2024,"08,12,16,25,26,28,29,30,31,32,38,43,44,48,52,61,62,68,71,84,89,92,96"
31-05-2024,"02,04,09,10,15,17,24,27,28,33,35,37,39,44,49,60,70,72,78,82,85,86,90,92,94"
01-06-2024,"00,01,12,13,19,29,30,39,40,41,45,49,55,59,68,70,77,80,82,83,86,89"
02-06-2024,"00,03,07,08,11,12,13,17,18,27,36,37,38,48,58,66,68,70,72,77,85,90,91,92,94,96,99"
03-06-2024,"03,09,10,12,13,14,15,20,24,25,33,41,45,48,69,76,77,78,79,80,86,88,89,98"
04-06-2024,"01,04,09,10,15,18,21,27,29,41,42,46,55,57,58,60,62,67,74,78,79,80,82,96"
05-06-2024,"06,08,16,20,21,29,30,31,32,35,39,44,45,48,53,56,66,67,68,78,81,82,89,92,95"
06-06-2024,"04,06,07,10,14,16,17,20,23,25,28,39,41,47,50,56,59,63,66,81,88,90"
07-06-2024,"01,03,11,12,19,25,26,32,33,40,42,43,44,47,50,51,57,59,61,66,84,85,86,90,93,96"
08-06-2024,"04,05,09,10,14,15,19,24,29,30,33,36,40,46,49,58,64,66,73,76,79,80,83,87,89"
09-06-2024,"01,06,18,19,20,22,26,32,44,53,59,65,66,74,78,80,81,84,92,97,98"
10-06-2024,"04,06,09,23,24,29,33,37,46,47,50,58,59,61,65,69,74,75,76,80,82,83,84,87,90,92,96"
11-06-2024,"00,05,07,09,14,15,21,22,23,31,37,42,44,50,52,53,54,55,60,64,70,73,91,93,94,96"
12-06-2024,"03,15,25,29,32,37,44,46,49,54,55,56,57,59,61,62,64,65,69,70,71,74,75,83,84,98"
13-06-2024,"02,16,18,21,26,33,35,38,43,48,50,60,62,63,75,78,79,81,90,91,92,97,98,99"
14-06-2024,"01,04,06,08,09,12,16,22,28,33,41,43,44,45,50,53,59,60,63,77,79,82,87,90,96"
15-06-2024,"06,12,13,16,18,21,26,35,45,52,53,59,63,64,67,69,73,77,78,83,85,89,96,98"
16-06-2024,"10,13,16,20,24,29,32,37,39,41,49,50,54,56,57,66,69,70,71,81,89,95,96,97"
17-06-2024,"02,03,07,09,17,22,30,32,34,38,39,42,46,49,52,53,59,64,65,72,88,90,91,96,98"
18-06-2024,"02,06,10,26,32,40,46,49,52,53,56,61,64,66,68,70,74,84,85,86,90,95,98,99"
19-06-2024,"02,07,11,14,23,24,29,32,37,41,42,49,55,56,57,61,66,67,71,77,78,79,89,93,95"
20-06-2024,"02,04,17,19,32,33,38,39,40,44,45,49,51,55,58,66,68,72,76,83,90,94"
21-06-2024,"06,11,13,17,19,22,28,29,35,37,42,45,47,51,52,61,72,76,85,89,92,95,96,97,99"
22-06-2024,"01,03,06,10,11,15,23,25,32,36,39,43,49,59,62,64,65,66,70,71,79,84,87,96"
23-06-2024,"01,02,05,08,12,16,32,33,36,43,49,55,57,59,64,65,72,78,79,82,94,96,99"
24-06-2024,"01,12,20,21,26,29,33,34,37,41,44,46,50,54,61,62,67,75,76,77,79,80,86,95"
25-06-2024,"00,03,09,16,20,25,28,35,36,37,43,45,50,56,68,71,75,76,82,84,92,94,95,97,98"
26-06-2024,"03,04,10,11,12,13,22,23,24,27,32,61,63,65,66,76,79,80,81,83,84,92"
27-06-2024,"01,04,07,09,14,16,22,23,26,31,42,45,46,55,63,66,67,70,81,83,89,92,95,99"
28-06-2024,"04,09,17,18,24,25,27,34,42,47,48,51,54,59,65,66,68,73,75,82,83,84,91,92,96"
29-06-2024,"00,04,05,14,23,25,30,33,36,39,40,41,42,43,45,49,54,56,59,61,66,72,78,85,90"
30-06-2024,"02,06,11,14,19,23,29,37,45,46,47,48,56,58,71,74,76,79,81,82,93,98"
01-07-2024,"02,04,10,12,14,16,18,22,34,38,45,48,53,59,60,65,67,78,80,82,85,86,90,99"
02-07-2024,"01,07,12,14,18,20,21,27,31,36,39,43,44,52,61,63,69,74,77,83,89,94,95"
03-07-2024,"01,03,07,15,16,19,29,32,35,38,39,46,53,57,63,66,70,81,89,90,91,94,97"
04-07-2024,"02,06,08,13,20,22,26,27,28,35,36,38,43,59,64,67,69,71,73,77,78,86,89,95,98"
05-07-2024,"00,01,09,18,24,25,26,29,31,35,36,39,41,46,49,50,57,60,65,68,72,76,85,90,96,99"
06-07-2024,"03,07,08,13,20,21,27,28,29,37,40,46,48,51,54,56,61,67,77,81,84,88,89,92,96"
07-07-2024,"00,02,11,14,16,17,26,28,36,37,45,58,63,69,70,73,76,77,78,79,80,81,86,92,94,99"
08-07-2024,"03,11,16,19,23,24,26,27,28,40,43,48,49,50,53,55,56,57,67,72,73,75,78,88,89,97"
09-07-2024,"01,03,04,07,13,22,31,42,45,48,52,55,59,66,68,72,73,76,78,93,94,98"
10-07-2024,"00,03,05,13,16,22,25,26,27,32,41,43,47,60,63,70,74,76,81,84,93,94,97,99"
11-07-2024,"00,02,05,07,11,16,21,23,29,32,33,39,45,51,52,53,57,59,65,71,83,86,87,99"
12-07-2024,"06,12,14,19,20,25,36,37,40,44,48,52,58,59,66,67,69,72,76,78,80,93,99"
13-07-2024,"01,12,14,15,20,33,35,37,52,53,55,60,65,68,70,72,76,82,84,89,96,97"
14-07-2024,"01,06,07,09,10,18,20,23,24,31,33,49,54,59,62,63,69,70,74,79,94,95,98,99"
15-07-2024,"00,18,24,28,30,34,35,39,40,41,46,49,52,53,63,66,67,80,81,84,94,97,99"
16-07-2024,"01,03,09,12,21,22,39,41,44,45,50,59,60,62,65,66,70,78,79,86,89,94,96,97"
17-07-2024,"00,01,15,17,18,21,22,23,24,25,33,36,47,52,59,62,64,70,73,76,81,83,85,87,88,91"
18-07-2024,"02,05,14,20,22,29,31,37,44,45,49,55,56,57,59,68,69,73,76,77,80,87,92,95,97"
19-07-2024,"07,20,22,24,29,32,36,39,45,48,52,60,66,73,77,78,84,85,88,90,92,94,98,99"
20-07-2024,"01,02,03,04,07,15,16,18,36,39,42,45,52,58,60,62,64,65,67,72,75,77,82,89,90,97"
21-07-2024,"05,06,07,21,22,27,30,32,36,42,45,51,54,66,73,76,80,81,89,90,92,96"
22-07-2024,"02,08,11,12,13,16,21,22,23,28,29,33,36,38,44,48,54,65,73,86,96,98,99"
23-07-2024,"06,20,21,25,28,32,34,35,37,39,40,41,42,44,55,56,63,64,66,72,73,74,86,89,91,99"
24-07-2024,"00,10,11,14,18,26,30,32,36,46,49,55,59,63,66,72,73,76,79,80,83,85,89,92,97"
25-07-2024,"02,03,11,15,16,21,22,23,30,32,52,56,59,60,62,66,68,73,74,75,86,92,96,97,99"
26-07-2024,"12,13,16,21,22,24,26,28,32,36,37,39,43,47,55,66,67,68,70,74,82,87,89,96,99"
27-07-2024,"16,19,22,28,29,41,47,50,53,60,68,70,72,74,79,80,83,84,89,90,92,94,96,97"
28-07-2024,"02,11,13,16,18,22,23,35,38,41,45,46,47,48,51,65,67,69,73,77,88,89"
29-07-2024,"06,08,11,14,15,17,19,22,23,25,26,32,40,46,48,49,55,57,59,71,91,92"
30-07-2024,"00,04,06,09,13,19,20,30,39,40,45,47,52,56,61,66,72,74,76,79,81,90,94,96"
31-07-2024,"05,06,07,12,14,20,21,23,26,31,33,35,38,39,40,42,49,64,69,72,78,81,92,98"
01-08-2024,"04,12,19,23,32,34,35,44,45,46,51,52,53,66,72,79,83,89,90,91,93,96"
02-08-2024,"01,07,12,14,27,34,36,37,39,42,54,55,56,59,63,65,66,73,74,80,84,87,88,97"
03-08-2024,"00,01,02,03,05,15,16,17,25,26,27,35,40,41,46,49,50,55,68,83,88,96,97,98"
04-08-2024,"00,03,06,07,08,09,10,12,13,14,21,22,24,29,32,36,37,49,61,75,77,78,82,85,86"
05-08-2024,"01,11,13,16,19,20,23,25,29,33,36,37,39,40,41,46,50,52,63,68,75,78,92,97"
06-08-2024,"04,08,11,12,14,15,17,19,23,24,25,36,50,57,59,61,69,70,71,73,77,80,82,85"
07-08-2024,"07,08,14,17,19,21,30,37,39,40,48,49,62,67,70,71,72,76,80,87,89"
08-08-2024,"00,04,13,17,27,32,40,52,57,59,62,66,67,74,77,81,82,84,87,89,90,91,99"
09-08-2024,"04,12,13,14,20,22,26,30,32,33,34,42,44,48,50,52,54,57,64,72,74,76,81,84,86,96,97"
10-08-2024,"05,06,08,15,21,22,29,31,34,38,40,46,49,52,62,72,80,89,90,91,92,96,98"
11-08-2024,"02,03,09,14,22,23,27,34,37,39,40,41,43,45,46,68,71,75,76,80,82,90"
12-08-2024,"07,08,09,13,16,19,25,26,28,31,32,43,44,50,52,57,62,64,65,67,73,75,76,92,96"
13-08-2024,"04,06,07,08,12,13,18,21,22,27,28,35,37,48,49,57,58,67,68,69,72,74,83,90,94"
14-08-2024,"00,09,22,23,28,29,37,39,44,47,51,58,64,65,69,71,72,74,80,85,92,94,97"
15-08-2024,"08,12,14,18,23,24,36,39,41,43,44,45,46,49,56,59,67,69,76,79,82,83,89,96"
16-08-2024,"00,04,06,07,12,15,20,21,24,27,29,32,35,38,41,52,56,58,65,74,77,78,81,90,97"
17-08-2024,"01,06,10,11,17,33,43,46,48,53,57,61,70,72,74,78,79,82,88,93,97"
18-08-2024,"13,14,15,24,33,44,45,46,48,51,58,61,62,68,69,76,80,85,86,88,90,96"
19-08-2024,"02,03,04,10,13,20,21,22,25,29,49,56,62,63,64,67,72,77,81,83,86,92,93,96"
20-08-2024,"02,04,08,09,10,11,15,17,19,23,24,35,36,37,38,43,49,54,55,63,76,86,93,99"
21-08-2024,"07,10,11,12,22,29,32,33,36,39,41,42,43,45,46,48,49,62,70,71,78,83,91,92,94,97"
22-08-2024,"03,05,06,07,09,11,13,17,21,23,33,36,38,43,45,61,63,72,76,81,84,88,90,93,94,95"
23-08-2024,"06,13,18,19,20,23,26,27,42,48,49,60,65,68,70,78,84,86,91,95,96"
24-08-2024,"00,03,13,15,16,23,26,32,35,39,42,48,51,56,67,70,71,73,75,78,91,93,98"
25-08-2024,"03,07,10,13,14,16,23,24,26,29,31,34,36,42,54,58,59,60,62,71,74,80,85,90,92,97,98"
26-08-2024,"00,03,04,05,21,26,31,32,34,38,63,64,65,66,69,72,73,81,82,83,87,94,95,99"
27-08-2024,"06,10,11,15,20,31,34,36,39,47,56,58,63,66,67,70,71,80,82,84,85,88,89,94,97"
28-08-2024,"04,06,10,12,13,15,18,20,23,24,26,35,43,45,49,51,52,53,54,55,60,72,78,79,81,82,83"
29-08-2024,"10,13,14,15,20,21,22,25,27,33,34,41,42,46,47,48,49,62,65,68,77,97"
30-08-2024,"07,09,11,14,16,17,29,30,38,41,42,47,53,54,55,63,65,70,72,74,76,91,93,94,95,96,98"
31-08-2024,"01,07,09,14,15,16,18,21,27,29,32,42,47,49,51,56,58,59,66,68,76,82,85,86,88,93"
01-09-2024,"00,01,02,05,09,25,28,29,30,31,34,39,45,50,56,61,62,69,76,78,82,90,96"
02-09-2024,"03,12,13,37,39,40,42,46,51,54,59,60,62,72,73,78,79,82,92,98"
03-09-2024,"01,09,11,15,16,18,22,23,24,29,32,33,37,42,43,46,47,60,61,62,63,66,69,78,89,97"
04-09-2024,"00,03,07,17,23,35,36,39,48,50,56,58,60,65,68,69,71,73,75,83,87,96,97,98,99"
05-09-2024,"01,02,03,06,15,22,29,30,31,45,52,57,67,72,74,75,88,93,96,97,98,99"
06-09-2024,"03,11,14,18,19,22,26,30,40,42,43,44,48,50,57,59,63,69,75,76,78,94,97"
07-09-2024,"03,07,10,11,13,22,24,29,35,36,43,44,45,47,50,55,56,61,64,66,74,75,76,86,87"
08-09-2024,"09,11,19,22,30,32,33,34,36,42,54,55,58,60,69,78,79,87,89,91"
09-09-2024,"01,05,09,15,16,18,21,22,24,25,32,36,39,51,54,56,70,72,78,81,87,96,99"
10-09-2024,"01,03,08,11,14,19,21,28,32,37,49,52,54,57,61,62,66,68,69,76,77,94,95"
11-09-2024,"05,11,16,23,25,33,38,40,41,42,43,47,49,58,63,69,72,74,77,84,88,90,97,98"
12-09-2024,"08,19,24,26,28,32,35,49,53,54,58,59,61,63,67,72,73,75,79,86,87,94,99"
13-09-2024,"01,02,03,11,13,26,28,30,35,36,37,39,40,44,53,57,64,67,69,75,85,86,87,93,97"
14-09-2024,"09,18,22,25,29,32,36,42,43,44,53,54,56,58,67,69,73,78,85,86,92,95"
15-09-2024,"04,19,24,27,31,38,39,43,59,64,68,69,71,73,78,81,85,87,89,90,98,99"
16-09-2024,"01,02,15,19,20,21,23,26,40,43,45,52,54,55,60,65,69,70,75,76,80,89,94,95,99"
17-09-2024,"06,13,27,29,35,36,41,51,53,57,63,64,65,66,70,75,78,79,80,81,87,93,94,95,97"
18-09-2024,"00,01,04,09,10,13,14,18,20,24,41,43,48,51,57,62,63,73,78,80,86,94,97,98"
19-09-2024,"03,05,06,09,13,24,25,26,32,35,38,42,43,47,54,55,58,61,75,85,87,89,90,92,98,99"
20-09-2024,"07,10,11,14,21,25,31,35,37,44,53,55,57,59,68,69,72,74,77,81,90,95,97,98"
21-09-2024,"14,15,17,21,23,24,29,35,36,39,44,46,49,54,55,59,70,87,89,91,92,94,98"
22-09-2024,"00,08,11,14,15,19,24,31,40,41,43,46,47,50,53,58,61,67,68,73,79,83,86,88,89,92,96"
23-09-2024,"11,13,16,18,26,28,32,48,50,52,55,66,68,69,71,76,85,87,89,90,95"
24-09-2024,"01,05,06,07,08,11,12,15,18,22,27,31,32,33,34,43,45,49,66,68,84,86,87,90,95,97"
25-09-2024,"00,04,07,10,13,28,30,35,36,38,41,43,47,58,60,69,84,86,88,89,90"
26-09-2024,"04,05,12,18,22,26,27,33,34,40,41,46,48,49,54,59,60,69,71,76,84,85,96,98"
27-09-2024,"03,05,10,11,14,16,17,18,22,27,41,44,50,51,52,59,61,64,72,74,76,80,85,89,93"
28-09-2024,"01,08,11,14,15,16,19,23,25,26,34,38,46,59,72,74,75,76,77,81,91,94,98"
29-09-2024,"10,12,13,16,17,22,27,29,35,37,39,40,49,59,62,66,67,76,77,82,86,91,93,96"
30-09-2024,"02,05,07,10,11,23,26,27,28,29,40,42,49,53,65,67,73,74,82,84,85,92,93"
01-10-2024,"09,12,13,17,20,26,29,36,37,43,49,51,52,56,58,60,63,64,66,72,79,85,93"
02-10-2024,"02,04,07,15,22,24,35,36,37,38,49,50,53,55,56,62,63,65,73,80,83,84,86,99"
03-10-2024,"01,02,08,10,16,17,23,27,32,33,36,47,50,56,58,61,67,68,72,73,82,88,94,96"
04-10-2024,"04,05,08,10,11,12,17,18,21,24,26,27,43,45,46,50,54,58,66,77,80,82"
05-10-2024,"00,03,06,07,15,16,17,24,26,30,34,40,44,50,52,71,72,75,80,81,83,86,87"
06-10-2024,"09,10,19,20,24,28,32,34,35,44,47,50,52,58,62,63,70,72,73,74,75,81,90,91,93,97"
07-10-2024,"04,08,13,16,25,38,42,45,47,49,58,65,67,69,70,72,73,74,75,80,85,87,88,90,91"
08-10-2024,"02,14,19,20,24,31,35,39,41,45,57,63,68,71,74,76,80,81,91,94,95,96,99"
09-10-2024,"08,16,18,19,21,24,25,29,30,31,33,42,43,45,53,54,59,76,79,83,85,91,95,98"
